/* Populating PLAYER table
*/

/* Canucks
*/
INSERT INTO PLAYER (PLAYERID,HEIGHT,WEIGHT,SALARY,NAME)
VALUES(1000, 72, 208, 3000000, 'Michael Del Zotto');

INSERT INTO PLAYER (PLAYERID,HEIGHT,WEIGHT,SALARY,NAME)
VALUES(1001, 73, 191, 7000000, 'Daniel Sedin');

INSERT INTO PLAYER (PLAYERID,HEIGHT,WEIGHT,SALARY,NAME)
VALUES(1002, 73, 190, 925000, 'Brock Boeser');

INSERT INTO PLAYER (PLAYERID,HEIGHT,WEIGHT,SALARY,NAME)
VALUES(1003, 72, 208, 800000, 'Derrick Pouliot');

INSERT INTO PLAYER (PLAYERID,HEIGHT,WEIGHT,SALARY,NAME)
VALUES(1004, 74, 195, 5000000, 'Christopher Tanev');

INSERT INTO PLAYER (PLAYERID,HEIGHT,WEIGHT,SALARY,NAME)
VALUES(1005, 70, 180, 650000, 'Brendan Leipsic');

INSERT INTO PLAYER (PLAYERID,HEIGHT,WEIGHT,SALARY,NAME)
VALUES(1006, 72, 192, 2500000, 'Derek Dorsett');

INSERT INTO PLAYER (PLAYERID,HEIGHT,WEIGHT,SALARY,NAME)
VALUES(1007, 74, 197, 650000, 'Nic Dowd');

INSERT INTO PLAYER (PLAYERID,HEIGHT,WEIGHT,SALARY,NAME)
VALUES(1008, 73, 229, 832500, 'Jake Virtanen');

INSERT INTO PLAYER (PLAYERID,HEIGHT,WEIGHT,SALARY,NAME)
VALUES(1009, 75, 191, 4250000, 'Brandon Sutter');

INSERT INTO PLAYER (PLAYERID,HEIGHT,WEIGHT,SALARY,NAME)
VALUES(1010, 74, 196, 8000000, 'Loui Eriksson');

INSERT INTO PLAYER (PLAYERID,HEIGHT,WEIGHT,SALARY,NAME)
VALUES(1011, 75, 214, 6000000, 'Alexander Edler');

INSERT INTO PLAYER (PLAYERID,HEIGHT,WEIGHT,SALARY,NAME)
VALUES(1012, 70, 195, 687500, 'Reid Boucher');

INSERT INTO PLAYER (PLAYERID,HEIGHT,WEIGHT,SALARY,NAME)
VALUES(1013, 78, 196, 3400000, 'Jacob Markstrom');

INSERT INTO PLAYER (PLAYERID,HEIGHT,WEIGHT,SALARY,NAME)
VALUES(1014, 74, 207, 2800000, 'Ben Hutton');

INSERT INTO PLAYER (PLAYERID,HEIGHT,WEIGHT,SALARY,NAME)
VALUES(1015, 78, 229, 3000000, 'Anders Nilsson');

INSERT INTO PLAYER (PLAYERID,HEIGHT,WEIGHT,SALARY,NAME)
VALUES(1016, 74, 183, 7000000, 'Henrik Sedin');

INSERT INTO PLAYER (PLAYERID,HEIGHT,WEIGHT,SALARY,NAME)
VALUES(1017, 77, 220, 3500000, 'Erik Gudbranson');

INSERT INTO PLAYER (PLAYERID,HEIGHT,WEIGHT,SALARY,NAME)
VALUES(1018, 71, 192, 2000000, 'Sven Baertschi');

INSERT INTO PLAYER (PLAYERID,HEIGHT,WEIGHT,SALARY,NAME)
VALUES(1019, 72, 191, 1100000, 'Jussi Jokinen');

INSERT INTO PLAYER (PLAYERID,HEIGHT,WEIGHT,SALARY,NAME)
VALUES(1020, 75, 210, 650000, 'Darren Archibald');

INSERT INTO PLAYER (PLAYERID,HEIGHT,WEIGHT,SALARY,NAME)
VALUES(1021, 74, 217, 700000, 'Brendan Gaunce');

INSERT INTO PLAYER (PLAYERID,HEIGHT,WEIGHT,SALARY,NAME)
VALUES(1022, 70, 190, 925000, 'Troy Stecher');

INSERT INTO PLAYER (PLAYERID,HEIGHT,WEIGHT,SALARY,NAME)
VALUES(1023, 72, 223, 6500000, 'Bo Horvat');

INSERT INTO PLAYER (PLAYERID,HEIGHT,WEIGHT,SALARY,NAME)
VALUES(1024, 70, 193, 800000, 'Alex Biega');

INSERT INTO PLAYER (PLAYERID,HEIGHT,WEIGHT,SALARY,NAME)
VALUES(1025, 72, 183, 950000, 'Markus Granlund');

INSERT INTO PLAYER (PLAYERID,HEIGHT,WEIGHT,SALARY,NAME)
VALUES(1026, 71, 185, 832500, 'Nikolay Goldobin');

INSERT INTO PLAYER (PLAYERID,HEIGHT,WEIGHT,SALARY,NAME)
VALUES(1027, 71, 200, 2750000, 'Sam Gagner');

INSERT INTO PLAYER (PLAYERID,HEIGHT,WEIGHT,SALARY,NAME)
VALUES(1028, 74, 214, 2000000, 'Thomas Vanek');

/* Jets
*/

INSERT INTO PLAYER (PLAYERID,HEIGHT,WEIGHT,SALARY,NAME)
VALUES(1100, 73, 175, 692500, 'Eric Comrie');

INSERT INTO PLAYER (PLAYERID,HEIGHT,WEIGHT,SALARY,NAME)
VALUES(1101, 74, 199, 925500, 'Tucker Poolman');

INSERT INTO PLAYER (PLAYERID,HEIGHT,WEIGHT,SALARY,NAME)
VALUES(1102, 73, 204, 4333333, 'Dmitry Kulikov');

INSERT INTO PLAYER (PLAYERID,HEIGHT,WEIGHT,SALARY,NAME)
VALUES(1103, 75, 219, 1200000, 'Ben Chiarot');

INSERT INTO PLAYER (PLAYERID,HEIGHT,WEIGHT,SALARY,NAME)
VALUES(1104, 75, 202, 3500000, 'Jacob Trouba');

INSERT INTO PLAYER (PLAYERID,HEIGHT,WEIGHT,SALARY,NAME)
VALUES(1105, 73, 206, 900000, 'Andrew Copp');

INSERT INTO PLAYER (PLAYERID,HEIGHT,WEIGHT,SALARY,NAME)
VALUES(1106, 72, 180, 700000, 'Brandon Tanev');

INSERT INTO PLAYER (PLAYERID,HEIGHT,WEIGHT,SALARY,NAME)
VALUES(1107, 72, 209, 700000, 'Matt Hendricks');

INSERT INTO PLAYER (PLAYERID,HEIGHT,WEIGHT,SALARY,NAME)
VALUES(1108, 76, 231, 2125000, 'Shawn Matthias');

INSERT INTO PLAYER (PLAYERID,HEIGHT,WEIGHT,SALARY,NAME)
VALUES(1109, 77, 210, 1250000, 'Adam Lowry');

INSERT INTO PLAYER (PLAYERID,HEIGHT,WEIGHT,SALARY,NAME)
VALUES(1110, 72, 191, 5000000, 'Bryan Little');

INSERT INTO PLAYER (PLAYERID,HEIGHT,WEIGHT,SALARY,NAME)
VALUES(1111, 72, 193, 3750000, 'Paul Stastny');

INSERT INTO PLAYER (PLAYERID,HEIGHT,WEIGHT,SALARY,NAME)
VALUES(1112, 77, 225, 5800000, 'Blake Wheeler');

INSERT INTO PLAYER (PLAYERID,HEIGHT,WEIGHT,SALARY,NAME)
VALUES(1113, 72, 172, 832500, 'Nikolaj Ehlers');

INSERT INTO PLAYER (PLAYERID,HEIGHT,WEIGHT,SALARY,NAME)
VALUES(1114, 77, 206, 925500, 'Patrik Laine');

INSERT INTO PLAYER (PLAYERID,HEIGHT,WEIGHT,SALARY,NAME)
VALUES(1115, 77, 260, 8000000, 'Dustin Byfuglien');

INSERT INTO PLAYER (PLAYERID,HEIGHT,WEIGHT,SALARY,NAME)
VALUES(1116, 75, 202, 1300000, 'Michael Hutchinson');

INSERT INTO PLAYER (PLAYERID,HEIGHT,WEIGHT,SALARY,NAME)
VALUES(1117, 76, 210, 4100000, 'Steve Mason');

INSERT INTO PLAYER (PLAYERID,HEIGHT,WEIGHT,SALARY,NAME)
VALUES(1118, 76, 207, 2250000, 'Connor Hellebuyck');

INSERT INTO PLAYER (PLAYERID,HEIGHT,WEIGHT,SALARY,NAME)
VALUES(1119, 70, 180, 5750000, 'Toby Enstrom');

INSERT INTO PLAYER (PLAYERID,HEIGHT,WEIGHT,SALARY,NAME)
VALUES(1120, 75, 205, 975000, 'Joel Armia');

INSERT INTO PLAYER (PLAYERID,HEIGHT,WEIGHT,SALARY,NAME)
VALUES(1121, 72, 195, 832500, 'Josh Morrissey');

INSERT INTO PLAYER (PLAYERID,HEIGHT,WEIGHT,SALARY,NAME)
VALUES(1122, 73, 187, 925500, 'Jack Roslovic');

INSERT INTO PLAYER (PLAYERID,HEIGHT,WEIGHT,SALARY,NAME)
VALUES(1123, 75, 207, 6750000, 'Mark Scheifele');

INSERT INTO PLAYER (PLAYERID,HEIGHT,WEIGHT,SALARY,NAME)
VALUES(1124, 71, 212, 850000, 'Marko Dano');

INSERT INTO PLAYER (PLAYERID,HEIGHT,WEIGHT,SALARY,NAME)
VALUES(1125, 80, 229, 3500000, 'Tyler Myers');

INSERT INTO PLAYER (PLAYERID,HEIGHT,WEIGHT,SALARY,NAME)
VALUES(1126, 72, 196, 650000, 'Joe Morrow');

INSERT INTO PLAYER (PLAYERID,HEIGHT,WEIGHT,SALARY,NAME)
VALUES(1127, 73, 182, 925000, 'Kyle Connor');

INSERT INTO PLAYER (PLAYERID,HEIGHT,WEIGHT,SALARY,NAME)
VALUES(1128, 70, 188, 4500000, 'Mathieu Perreault');

/* Oilers
*/



/* Populating MANAGER table
*/

INSERT INTO MANAGER (MANAGERID,NAME,PHONE,EMAIL)
VALUES (100,'Jim Benning', 6048997400,'jbenning@canucks.com');

INSERT INTO MANAGER (MANAGERID,NAME,PHONE,EMAIL)
VALUES(101, 'Kevin Cheveldayoff', 2049877825, 'kcheveldayoff@jets.com');

/* Populating TEAM table
*/

INSERT INTO TEAM (TEAMNAME,CITY)
VALUES('Canucks', 'Vancouver');

INSERT INTO TEAM (TEAMNAME,CITY)
VALUES('Jets', 'Winnipeg');

/*Update Manages to add the teams
*/

INSERT INTO MANAGES (TEAMNAME, MANAGERID)
VALUES('Canucks',100);

INSERT INTO MANAGES (TEAMNAME, MANAGERID)
VALUES('Jets',101);

/*Populating USER table
*/
INSERT INTO USER (userName, userPassword, accessLevel, fullName, favTeam)
VALUES('superMichel','password',1,'Michel Machin','Canucks');

/* Populating PLAYSFOR table
*/

/* Canucks
*/

INSERT INTO PLAYSFOR (PLAYERID,TEAMNAME,JERSEYNUM)
VALUES (1000,'Canucks', 4);

INSERT INTO PLAYSFOR (PLAYERID,TEAMNAME,JERSEYNUM)
VALUES (1001,'Canucks', 22);

INSERT INTO PLAYSFOR (PLAYERID,TEAMNAME,JERSEYNUM)
VALUES (1002,'Canucks', 6);

INSERT INTO PLAYSFOR (PLAYERID,TEAMNAME,JERSEYNUM)
VALUES (1003,'Canucks', 5);

INSERT INTO PLAYSFOR (PLAYERID,TEAMNAME,JERSEYNUM)
VALUES (1004,'Canucks', 8);

INSERT INTO PLAYSFOR (PLAYERID,TEAMNAME,JERSEYNUM)
VALUES (1005,'Canucks', 9);

INSERT INTO PLAYSFOR (PLAYERID,TEAMNAME,JERSEYNUM)
VALUES (1006,'Canucks', 15);

INSERT INTO PLAYSFOR (PLAYERID,TEAMNAME,JERSEYNUM)
VALUES (1007,'Canucks', 17);

INSERT INTO PLAYSFOR (PLAYERID,TEAMNAME,JERSEYNUM)
VALUES (1008,'Canucks', 18);

INSERT INTO PLAYSFOR (PLAYERID,TEAMNAME,JERSEYNUM)
VALUES (1009,'Canucks', 20);

INSERT INTO PLAYSFOR (PLAYERID,TEAMNAME,JERSEYNUM)
VALUES (1010,'Canucks', 21);

INSERT INTO PLAYSFOR (PLAYERID,TEAMNAME,JERSEYNUM)
VALUES (1011,'Canucks', 23);

INSERT INTO PLAYSFOR (PLAYERID,TEAMNAME,JERSEYNUM)
VALUES (1012,'Canucks', 24);

INSERT INTO PLAYSFOR (PLAYERID,TEAMNAME,JERSEYNUM)
VALUES (1013,'Canucks', 25);

INSERT INTO PLAYSFOR (PLAYERID,TEAMNAME,JERSEYNUM)
VALUES (1014,'Canucks', 27);

INSERT INTO PLAYSFOR (PLAYERID,TEAMNAME,JERSEYNUM)
VALUES (1015,'Canucks', 31);

INSERT INTO PLAYSFOR (PLAYERID,TEAMNAME,JERSEYNUM)
VALUES (1016,'Canucks', 33);

INSERT INTO PLAYSFOR (PLAYERID,TEAMNAME,JERSEYNUM)
VALUES (1017,'Canucks', 44);

INSERT INTO PLAYSFOR (PLAYERID,TEAMNAME,JERSEYNUM)
VALUES (1018,'Canucks', 47);

INSERT INTO PLAYSFOR (PLAYERID,TEAMNAME,JERSEYNUM)
VALUES (1019,'Canucks', 36);

INSERT INTO PLAYSFOR (PLAYERID,TEAMNAME,JERSEYNUM)
VALUES (1020,'Canucks', 49);

INSERT INTO PLAYSFOR (PLAYERID,TEAMNAME,JERSEYNUM)
VALUES (1021,'Canucks', 50);

INSERT INTO PLAYSFOR (PLAYERID,TEAMNAME,JERSEYNUM)
VALUES (1022,'Canucks', 51);

INSERT INTO PLAYSFOR (PLAYERID,TEAMNAME,JERSEYNUM)
VALUES (1023,'Canucks', 53);

INSERT INTO PLAYSFOR (PLAYERID,TEAMNAME,JERSEYNUM)
VALUES (1024,'Canucks', 55);

INSERT INTO PLAYSFOR (PLAYERID,TEAMNAME,JERSEYNUM)
VALUES (1025,'Canucks', 60);

INSERT INTO PLAYSFOR (PLAYERID,TEAMNAME,JERSEYNUM)
VALUES (1026,'Canucks', 77);

INSERT INTO PLAYSFOR (PLAYERID,TEAMNAME,JERSEYNUM)
VALUES (1027,'Canucks', 89);

INSERT INTO PLAYSFOR (PLAYERID,TEAMNAME,JERSEYNUM)
VALUES (1028,'Canucks', 26);

/* Jets
*/

INSERT INTO PLAYSFOR (PLAYERID,TEAMNAME,JERSEYNUM)
VALUES (1100,'Jets', 1);

INSERT INTO PLAYSFOR (PLAYERID,TEAMNAME,JERSEYNUM)
VALUES (1101,'Jets', 3);

INSERT INTO PLAYSFOR (PLAYERID,TEAMNAME,JERSEYNUM)
VALUES (1102,'Jets', 5);

INSERT INTO PLAYSFOR (PLAYERID,TEAMNAME,JERSEYNUM)
VALUES (1103,'Jets', 7);

INSERT INTO PLAYSFOR (PLAYERID,TEAMNAME,JERSEYNUM)
VALUES (1104,'Jets', 8);

INSERT INTO PLAYSFOR (PLAYERID,TEAMNAME,JERSEYNUM)
VALUES (1105,'Jets', 9);

INSERT INTO PLAYSFOR (PLAYERID,TEAMNAME,JERSEYNUM)
VALUES (1106,'Jets', 13);

INSERT INTO PLAYSFOR (PLAYERID,TEAMNAME,JERSEYNUM)
VALUES (1107,'Jets', 15);

INSERT INTO PLAYSFOR (PLAYERID,TEAMNAME,JERSEYNUM)
VALUES (1108,'Jets', 16);

INSERT INTO PLAYSFOR (PLAYERID,TEAMNAME,JERSEYNUM)
VALUES (1109,'Jets', 17);

INSERT INTO PLAYSFOR (PLAYERID,TEAMNAME,JERSEYNUM)
VALUES (1110,'Jets', 18);

INSERT INTO PLAYSFOR (PLAYERID,TEAMNAME,JERSEYNUM)
VALUES (1111,'Jets', 25);

INSERT INTO PLAYSFOR (PLAYERID,TEAMNAME,JERSEYNUM)
VALUES (1112,'Jets', 26);

INSERT INTO PLAYSFOR (PLAYERID,TEAMNAME,JERSEYNUM)
VALUES (1113,'Jets', 27);

INSERT INTO PLAYSFOR (PLAYERID,TEAMNAME,JERSEYNUM)
VALUES (1114,'Jets', 29);

INSERT INTO PLAYSFOR (PLAYERID,TEAMNAME,JERSEYNUM)
VALUES (1115,'Jets', 33);

INSERT INTO PLAYSFOR (PLAYERID,TEAMNAME,JERSEYNUM)
VALUES (1116,'Jets', 34);

INSERT INTO PLAYSFOR (PLAYERID,TEAMNAME,JERSEYNUM)
VALUES (1117,'Jets', 35);

INSERT INTO PLAYSFOR (PLAYERID,TEAMNAME,JERSEYNUM)
VALUES (1118,'Jets', 37);

INSERT INTO PLAYSFOR (PLAYERID,TEAMNAME,JERSEYNUM)
VALUES (1119,'Jets', 39);

INSERT INTO PLAYSFOR (PLAYERID,TEAMNAME,JERSEYNUM)
VALUES (1120,'Jets', 40);

INSERT INTO PLAYSFOR (PLAYERID,TEAMNAME,JERSEYNUM)
VALUES (1121,'Jets', 44);

INSERT INTO PLAYSFOR (PLAYERID,TEAMNAME,JERSEYNUM)
VALUES (1122,'Jets', 52);

INSERT INTO PLAYSFOR (PLAYERID,TEAMNAME,JERSEYNUM)
VALUES (1123,'Jets', 55);

INSERT INTO PLAYSFOR (PLAYERID,TEAMNAME,JERSEYNUM)
VALUES (1124,'Jets', 56);

INSERT INTO PLAYSFOR (PLAYERID,TEAMNAME,JERSEYNUM)
VALUES (1125,'Jets', 57);

INSERT INTO PLAYSFOR (PLAYERID,TEAMNAME,JERSEYNUM)
VALUES (1126,'Jets', 70);

INSERT INTO PLAYSFOR (PLAYERID,TEAMNAME,JERSEYNUM)
VALUES (1127,'Jets', 81);

INSERT INTO PLAYSFOR (PLAYERID,TEAMNAME,JERSEYNUM)
VALUES (1128,'Jets', 85);

/* Populating GAME table
  -times are in pacific
*/

/*
Canucks vs Jets in Vancouver on October 12, 2017
*/

INSERT INTO GAME(GAMEDATE,LOCATION)
VALUES (2017-10-12 19:00:00, 'Vancouver');

/*
Canucks vs Jets in Winnipeg on January 21, 2018
*/

INSERT INTO GAME(GAMEDATE,LOCATION)
VALUES (2018-01-21 17:00:00, 'Winnipeg');

/* Populating PLAYS table
*/

/*
Canucks vs Jets in Vancouver on October 12, 2017
*/

INSERT INTO PLAYS(GAME_DATE,LOCATION,TEAMNAME)
VALUES (2017-10-12 19:00:00,'Vancouver','Canucks');
INSERT INTO PLAYS(GAME_DATE,LOCATION,TEAMNAME)
VALUES (2017-10-12 19:00:00,'Vancouver','Jets');

/*
Canucks vs Jets in Winnipeg on January 21, 2018
*/

INSERT INTO PLAYS(GAME_DATE,LOCATION,TEAMNAME)
VALUES (2018-01-21 17:00:00,'Winnipeg','Jets');
INSERT INTO PLAYS(GAME_DATE,LOCATION,TEAMNAME)
VALUES (2018-01-21 17:00:00,'Winnipeg','Canucks');

/* Populating REFEREE table
*/

INSERT INTO REFEREE(REF_NUMBER,NAME)
VALUES (13, 'Dan O Halloran');
INSERT INTO REFEREE(REF_NUMBER,NAME)
VALUES(30, 'Kendrick Nicholson');
INSERT INTO REFEREE(REF_NUMBER,NAME)
VALUES(36, 'Dean Morton');

/* Populating REFEREES table
*/

/*
Canucks vs Jets in Vancouver on October 12, 2017
*/

INSERT INTO REFEREES(GAMEDATE, LOCATION, REF_NUMBER)
VALUES (2017-10-12 19:00:00, 'Vancouver', 13);
INSERT INTO REFEREES(GAMEDATE, LOCATION, REF_NUMBER)
VALUES (2017-10-12 19:00:00, 'Vancouver', 30);

/*
Canucks vs Jets in Winnipeg on January 21, 2018
*/

INSERT INTO REFEREES(GAMEDATE, LOCATION, REF_NUMBER)
VALUES (2018-01-21 17:00:00, 'Winnipeg', 30);
INSERT INTO REFEREES(GAMEDATE, LOCATION, REF_NUMBER)
VALUES (2018-01-21 17:00:00, 'Winnipeg', 36);

/* Populating EVENTS table
*/

/*
Canucks vs Jets in Vancouver on October 12, 2017
*/
INSERT INTO EVENTS(GAMETIME,PLAYERID,GAME_DATE,LOCATION)
VALUES('05:36', 1124, 2017-10-12 19:00:00,'Vancouver');
INSERT INTO EVENTS(GAMETIME,PLAYERID,GAME_DATE,LOCATION)
VALUES('07:25', 1001, 2017-10-12 19:00:00, 'Vancouver');
INSERT INTO EVENTS(GAMETIME,PLAYERID,GAME_DATE,LOCATION)
VALUES('07:25', 1002, 2017-10-12 19:00:00, 'Vancouver');
INSERT INTO EVENTS(GAMETIME,PLAYERID,GAME_DATE,LOCATION)
VALUES('07:25', 1028, 2017-10-12 19:00:00, 'Vancouver');
INSERT INTO EVENTS(GAMETIME,PLAYERID,GAME_DATE,LOCATION)
VALUES('09:04', 1121, 2017-10-12 19:00:00, 'Vancouver');
INSERT INTO EVENTS(GAMETIME,PLAYERID,GAME_DATE,LOCATION)
VALUES('09:04', 1104, 2017-10-12 19:00:00, 'Vancouver');
INSERT INTO EVENTS(GAMETIME,PLAYERID,GAME_DATE,LOCATION)
VALUES('09:04', 1110, 2017-10-12 19:00:00, 'Vancouver');
INSERT INTO EVENTS(GAMETIME,PLAYERID,GAME_DATE,LOCATION)
VALUES('20:57', 1006, 2017-10-12 19:00:00,'Vancouver');
INSERT INTO EVENTS(GAMETIME,PLAYERID,GAME_DATE,LOCATION)
VALUES('28:18', 1112, 2017-10-12 19:00:00,'Vancouver');
INSERT INTO EVENTS(GAMETIME,PLAYERID,GAME_DATE,LOCATION)
VALUES('35:31', 1114, 2017-10-12 19:00:00, 'Vancouver');
INSERT INTO EVENTS(GAMETIME,PLAYERID,GAME_DATE,LOCATION)
VALUES('35:31', 1110,2017-10-12 19:00:00, 'Vancouver');
INSERT INTO EVENTS(GAMETIME,PLAYERID,GAME_DATE,LOCATION)
VALUES('35:31', 1102,2017-10-12 19:00:00, 'Vancouver');
INSERT INTO EVENTS(GAMETIME,PLAYERID,GAME_DATE,LOCATION)
VALUES('36:49', 1112, 2017-10-12 19:00:00,'Vancouver');
INSERT INTO EVENTS(GAMETIME,PLAYERID,GAME_DATE,LOCATION)
VALUES('38:44', 1125, 2017-10-12 19:00:00, 'Vancouver');
INSERT INTO EVENTS(GAMETIME,PLAYERID,GAME_DATE,LOCATION)
VALUES('42:07', 1001, 2017-10-12 19:00:00, 'Vancouver');
INSERT INTO EVENTS(GAMETIME,PLAYERID,GAME_DATE,LOCATION)
VALUES('42:21', 1128, 2017-10-12 19:00:00,'Vancouver');
INSERT INTO EVENTS(GAMETIME,PLAYERID,GAME_DATE,LOCATION)
VALUES('47:58', 1108, 2017-10-12 19:00:00,'Vancouver');
INSERT INTO EVENTS(GAMETIME,PLAYERID,GAME_DATE,LOCATION)
VALUES('52:43', 1004, 2017-10-12 19:00:00, 'Vancouver');
INSERT INTO EVENTS(GAMETIME,PLAYERID,GAME_DATE,LOCATION)
VALUES('52:43', 1027, 2017-10-12 19:00:00, 'Vancouver');
INSERT INTO EVENTS(GAMETIME,PLAYERID,GAME_DATE,LOCATION)
VALUES('59:55', 1113, 2017-10-12 19:00:00, 'Vancouver');

/*
Canucks vs Jets in Winnipeg on January 21, 2018
*/

INSERT INTO EVENTS(GAMETIME,PLAYERID,GAME_DATE,LOCATION)
VALUES('00:36', 1115, 2018-01-21 17:00:00, 'Winnipeg');
INSERT INTO EVENTS(GAMETIME,PLAYERID,GAME_DATE,LOCATION)
VALUES('07:57', 1027, 2018-01-21 17:00:00, 'Winnipeg');
INSERT INTO EVENTS(GAMETIME,PLAYERID,GAME_DATE,LOCATION)
VALUES('11:54', 1114, 2018-01-21 17:00:00, 'Winnipeg');
INSERT INTO EVENTS(GAMETIME,PLAYERID,GAME_DATE,LOCATION)
VALUES('49:48', 1001, 2018-01-21 17:00:00, 'Winnipeg');
INSERT INTO EVENTS(GAMETIME,PLAYERID,GAME_DATE,LOCATION)
VALUES('58:30', 1127, 2018-01-21 17:00:00, 'Winnipeg');

/* Populating PENALTY table
  - a too many men penalty is attributed to the player who serves it
*/

/*
Canucks vs Jets in Vancouver on October 12, 2017
*/

INSERT INTO PENALTY(GAMETIME,PLAYERID,GAME_DATE,LOCATION)
VALUES('05:36', 1124, 2017-10-12 19:00:00,'Vancouver');
INSERT INTO PENALTY(GAMETIME,PLAYERID,GAME_DATE,LOCATION)
VALUES('20:57', 1006, 2017-10-12 19:00:00,'Vancouver');
INSERT INTO PENALTY(GAMETIME,PLAYERID,GAME_DATE,LOCATION)
VALUES('28:18', 1112, 2017-10-12 19:00:00,'Vancouver');
INSERT INTO PENALTY(GAMETIME,PLAYERID,GAME_DATE,LOCATION)
VALUES('36:49', 1112, 2017-10-12 19:00:00,'Vancouver');
INSERT INTO PENALTY(GAMETIME,PLAYERID,GAME_DATE,LOCATION)
VALUES('42:07', 1001, 2017-10-12 19:00:00,'Vancouver');
INSERT INTO PENALTY(GAMETIME,PLAYERID,GAME_DATE,LOCATION)
VALUES('42:21', 1128, 2017-10-12 19:00:00,'Vancouver');
INSERT INTO PENALTY(GAMETIME,PLAYERID,GAME_DATE,LOCATION)
VALUES('47:58', 1108, 2017-10-12 19:00:00,'Vancouver');

/*
Jets vs Canucks in Winnipeg on January 21, 2018
*/

INSERT INTO PENALTY(GAMETIME,PLAYERID,GAME_DATE,LOCATION)
VALUES('00:36', 1115, 2018-01-21 17:00:00, 'Winnipeg');
INSERT INTO PENALTY(GAMETIME,PLAYERID,GAME_DATE,LOCATION)
VALUES('07:57', 1027, 2018-01-21 17:00:00, 'Winnipeg');
INSERT INTO PENALTY(GAMETIME,PLAYERID,GAME_DATE,LOCATION)
VALUES('49:48', 1001, 2018-01-21 17:00:00, 'Winnipeg');
INSERT INTO PENALTY(GAMETIME,PLAYERID,GAME_DATE,LOCATION)
VALUES('58:30', 1127, 2018-01-21 17:00:00, 'Winnipeg');

/* Populating GOAL table
*/

/*
Canucks vs Jets in Vancouver on October 12, 2017
*/

INSERT INTO GOAL(GAMETIME,PLAYERID,GAME_DATE,LOCATION)
VALUES('07:25', 1001, 2017-10-12 19:00:00, 'Vancouver');
INSERT INTO GOAL(GAMETIME,PLAYERID,GAME_DATE,LOCATION)
VALUES('09:04', 1121, 2017-10-12 19:00:00, 'Vancouver');
INSERT INTO GOAL(GAMETIME,PLAYERID,GAME_DATE,LOCATION)
VALUES('35:31', 1114, 2017-10-12 19:00:00, 'Vancouver');
INSERT INTO GOAL(GAMETIME,PLAYERID,GAME_DATE,LOCATION)
VALUES('38:44', 1125, 2017-10-12 19:00:00, 'Vancouver');
INSERT INTO GOAL(GAMETIME,PLAYERID,GAME_DATE,LOCATION)
VALUES('52:43', 1004, 2017-10-12 19:00:00, 'Vancouver');
INSERT INTO GOAL(GAMETIME,PLAYERID,GAME_DATE,LOCATION)
VALUES('59:55', 1113, 2017-10-12 19:00:00, 'Vancouver');

/*
Jets vs Canucks in Winnipeg on January 21, 2018
*/

INSERT INTO GOAL(GAMETIME,PLAYERID,GAME_DATE,LOCATION)
VALUES('11:54', 1114, 2018-01-21 17:00:00, 'Winnipeg');

/* Populating Assist table
*/

/*
Canucks vs Jets in Vancouver on October 12, 2017
*/

INSERT INTO ASSIST(GAMETIME,PLAYERID,SCORINGPLAYERID,GAME_DATE,LOCATION)
VALUES('07:25', 1002, 1001, 2017-10-12 19:00:00, 'Vancouver');
INSERT INTO ASSIST(GAMETIME,PLAYERID,SCORINGPLAYERID,GAME_DATE,LOCATION)
VALUES('07:25', 1028, 1001, 2017-10-12 19:00:00, 'Vancouver');
INSERT INTO ASSIST(GAMETIME,PLAYERID,SCORINGPLAYERID,GAME_DATE,LOCATION)
VALUES('09:04', 1104,1121, 2017-10-12 19:00:00, 'Vancouver');
INSERT INTO ASSIST(GAMETIME,PLAYERID,SCORINGPLAYERID,GAME_DATE,LOCATION)
VALUES('09:04', 1110,1121, 2017-10-12 19:00:00, 'Vancouver');
INSERT INTO ASSIST(GAMETIME,PLAYERID,SCORINGPLAYERID,GAME_DATE,LOCATION)
VALUES('35:31', 1110,1114, 2017-10-12 19:00:00, 'Vancouver');
INSERT INTO ASSIST(GAMETIME,PLAYERID,SCORINGPLAYERID,GAME_DATE,LOCATION)
VALUES('35:31', 1102,1114, 2017-10-12 19:00:00, 'Vancouver');
INSERT INTO ASSIST(GAMETIME,PLAYERID,SCORINGPLAYERID,GAME_DATE,LOCATION)
VALUES('38:44', 1105, 1125, 2017-10-12 19:00:00, 'Vancouver');
INSERT INTO ASSIST(GAMETIME,PLAYERID,SCORINGPLAYERID,GAME_DATE,LOCATION)
VALUES('52:43', 1027, 1004, 2017-10-12 19:00:00, 'Vancouver');

/*
Jets vs Canucks in Winnipeg on January 21, 2018
*/

INSERT INTO ASSIST(GAMETIME,PLAYERID,SCORINGPLAYERID,GAME_DATE,LOCATION)
VALUES('11:54', 1112, 1114, 2018-01-21 17:00:00, 'Winnipeg');
INSERT INTO ASSIST(GAMETIME,PLAYERID,SCORINGPLAYERID,GAME_DATE,LOCATION)
VALUES('11:54', 1127, 1114, 2018-01-21 17:00:00, 'Winnipeg');
